"Name","Price","Url","Title"
"Коньки Larsen Liberty","2 450","https://www.e-katalog.ru/LARSEN-LIBERTY.htm","Larsen Liberty  – купить коньки, сравнение цен интернет-магазинов: фото, характеристики, описание | E-Katalog"
"Коньки Alpha Caprice Kitty","3 110","https://www.e-katalog.ru/ALPHA-CAPRICE-KITTY.htm","Alpha Caprice Kitty  – купить коньки, сравнение цен интернет-магазинов: фото, характеристики, описание | E-Katalog"
"Коньки Action PW-216Y","2 580","https://www.e-katalog.ru/ACTION-PW-216Y.htm","Action PW-216Y  – купить коньки, сравнение цен интернет-магазинов: фото, характеристики, описание | E-Katalog"
"Коньки RGX Freedom","2 710","https://www.e-katalog.ru/RGX-FREEDOM.htm","RGX Freedom  – купить коньки, сравнение цен интернет-магазинов: фото, характеристики, описание | E-Katalog"
"Коньки SK Leader","2 384","https://www.e-katalog.ru/SK-LEADER.htm","SK Leader  – купить коньки, сравнение цен интернет-магазинов: фото, характеристики, описание | E-Katalog"
"Коньки SK Tango","2 400","https://www.e-katalog.ru/SK-TANGO.htm","SK Tango  – купить коньки, сравнение цен интернет-магазинов: фото, характеристики, описание | E-Katalog"
"Коньки Atemi AHSK-21.03","1 949","https://www.e-katalog.ru/ATEMI-AHSK-21-03.htm","Atemi AHSK-21.03  – купить коньки, сравнение цен интернет-магазинов: фото, характеристики, описание | E-Katalog"
"Коньки Tech Team Ottava","1 357","https://www.e-katalog.ru/TECH-TEAM-OTTAVA.htm","Tech Team Ottava  – купить коньки, сравнение цен интернет-магазинов: фото, характеристики, описание | E-Katalog"
"Коньки SK Ladies Velvet Lux","2 250","https://www.e-katalog.ru/SK-LADIES-VELVET-LUX.htm","SK Ladies Velvet Lux  – купить коньки, сравнение цен интернет-магазинов: фото, характеристики, описание | E-Katalog"
"Коньки Novus AKSK-17.11","865","https://www.e-katalog.ru/NOVUS-AKSK-17-11.htm","Novus AKSK-17.11  – купить коньки, сравнение цен интернет-магазинов: фото, характеристики, описание | E-Katalog"
"Коньки KHL Switch","3 000","https://www.e-katalog.ru/KHL-SWITCH.htm","KHL Switch  – купить коньки, сравнение цен интернет-магазинов: фото, характеристики, описание | E-Katalog"
"Коньки SK Princess Lux Leather","3 899","https://www.e-katalog.ru/SK-PRINCESS-LUX-LEATHER.htm","SK Princess Lux Leather  – купить коньки, сравнение цен интернет-магазинов: фото, характеристики, описание | E-Katalog"
"Коньки TISA Detroit","","https://www.e-katalog.ru/TISA-DETROIT.htm","TISA Detroit  – купить коньки, сравнение цен интернет-магазинов: фото, характеристики, описание | E-Katalog"
"Коньки Larsen Light","2 230","https://www.e-katalog.ru/LARSEN-LIGHT.htm","Larsen Light  – купить коньки, сравнение цен интернет-магазинов: фото, характеристики, описание | E-Katalog"
"Коньки Larsen Hybrid","","https://www.e-katalog.ru/LARSEN-HYBRID.htm","Larsen Hybrid  – купить коньки, сравнение цен интернет-магазинов: фото, характеристики, описание | E-Katalog"
"Коньки Atemi Noire ","1 479","https://www.e-katalog.ru/ATEMI-NOIRE.htm","Atemi Noire  (AFSK-17.02) – купить коньки, сравнение цен интернет-магазинов: фото, характеристики, описание | E-Katalog"
"Коньки SK Ladies Fur Lux","","https://www.e-katalog.ru/SK-LADIES-FUR-LUX.htm","SK Ladies Fur Lux  – купить коньки, сравнение цен интернет-магазинов: фото, характеристики, описание | E-Katalog"
"Коньки SK Le Fleur Leather","","https://www.e-katalog.ru/SK-LE-FLEUR-LEATHER.htm","SK Le Fleur Leather  – купить коньки, сравнение цен интернет-магазинов: фото, характеристики, описание | E-Katalog"
"Коньки Senhai Beautiful ","2 110","https://www.e-katalog.ru/SENHAI-BEAUTIFUL.htm","Senhai Beautiful  (PW-215-2) – купить коньки, сравнение цен интернет-магазинов: фото, характеристики, описание | E-Katalog"
"Коньки Larsen Oscar","","https://www.e-katalog.ru/LARSEN-OSCAR.htm","Larsen Oscar  – купить коньки, сравнение цен интернет-магазинов: фото, характеристики, описание | E-Katalog"
"Коньки Alpha Caprice Liza","3 305","https://www.e-katalog.ru/ALPHA-CAPRICE-LIZA.htm","Alpha Caprice Liza  – купить коньки, сравнение цен интернет-магазинов: фото, характеристики, описание | E-Katalog"
"Коньки Atemi Ice Baby Girl ","","https://www.e-katalog.ru/ATEMI-ICE-BABY-GIRL.htm","Atemi Ice Baby Girl  (AKSK-17.08) – купить коньки, сравнение цен интернет-магазинов: фото, характеристики, описание | E-Katalog"
"Коньки RGX Rocket","3 614","https://www.e-katalog.ru/RGX-ROCKET.htm","RGX Rocket  – купить коньки, сравнение цен интернет-магазинов: фото, характеристики, описание | E-Katalog"
"Коньки Atemi Axel ","","https://www.e-katalog.ru/ATEMI-AXEL.htm","Atemi Axel  (AFSK-17.04) – купить коньки, сравнение цен интернет-магазинов: фото, характеристики, описание | E-Katalog"
"Коньки Alpha Caprice Snow","3 485","https://www.e-katalog.ru/ALPHA-CAPRICE-SNOW.htm","Alpha Caprice Snow  – купить коньки, сравнение цен интернет-магазинов: фото, характеристики, описание | E-Katalog"
"Коньки SK TAXA RH-2","4 469","https://www.e-katalog.ru/SK-TAXA-RH-2.htm","SK TAXA RH-2  – купить коньки, сравнение цен интернет-магазинов: фото, характеристики, описание | E-Katalog"
"Коньки SK Ladies Lux Corso Fur","2 340","https://www.e-katalog.ru/SK-LADIES-LUX-CORSO-FUR.htm","SK Ladies Lux Corso Fur  – купить коньки, сравнение цен интернет-магазинов: фото, характеристики, описание | E-Katalog"
"Коньки Penguin 216AI","","https://www.e-katalog.ru/PENGUIN-216AI.htm","Penguin 216AI  – купить коньки, сравнение цен интернет-магазинов: фото, характеристики, описание | E-Katalog"
"Коньки Alpha Caprice Valery","3 305","https://www.e-katalog.ru/ALPHA-CAPRICE-VALERY.htm","Alpha Caprice Valery  – купить коньки, сравнение цен интернет-магазинов: фото, характеристики, описание | E-Katalog"
"Коньки SK Molodezhka MLS","2 250","https://www.e-katalog.ru/SK-MOLODEZHKA-MLS.htm","SK Molodezhka MLS  – купить коньки, сравнение цен интернет-магазинов: фото, характеристики, описание | E-Katalog"
"Коньки SK Maxcity Quebec","","https://www.e-katalog.ru/SK-MAXCITY-QUEBEC.htm","SK Maxcity Quebec  – купить коньки, сравнение цен интернет-магазинов: фото, характеристики, описание | E-Katalog"
"Коньки Alpha Caprice Angel","3 510","https://www.e-katalog.ru/ALPHA-CAPRICE-ANGEL.htm","Alpha Caprice Angel  – купить коньки, сравнение цен интернет-магазинов: фото, характеристики, описание | E-Katalog"
